model,accuracy,roc_auc
RandomForest,0.8215,0.5043425083532036
XGBoost,0.847,0.49485014391431503
IsolationForest,0.153,0.5
Autoencoder,0.811,0.49749210979157504
LSTM,0.847,0.4991627504996489
Transformer,0.847,0.514948954788527
